scenario,scenario_key,description,pd_multiplier,lgd_multiplier,avg_pd_stressed,total_ead,total_el_stressed,el_rate,total_rwa,rwa_density,required_capital,capital_ratio,available_capital,capital_headroom,headroom_pct_ead,passes_minimum,capital_surplus
Base Case,base,Continuation of current macro conditions,1.0,1.0,0.17574331360682652,1712979750.0,219767428.34674776,0.1282954035777409,5689499134.503905,3.3214047828083815,455159930.76031244,0.2657123826246705,655430300.2948499,200270369.53453743,0.11691344835485501,True,0.035199999999999995
Adverse Scenario,adverse,Moderate recession — plausible downside,1.4,1.15,0.24604063904955703,1712979750.0,353825559.6382637,0.20655559976016277,7036399960.359608,4.107695937654609,562911996.8287687,0.32861567501236877,655430300.2948499,92518303.46608114,0.05401015596715673,True,0.013148528222854589
Severe Scenario,severe,Deep recession — 2008-09 magnitude tail risk,2.0,1.35,0.3497580164170554,1712979750.0,590241296.8728118,0.34456992084863336,8481584323.76045,4.951362865650017,678526745.9008362,0.39610902925200153,655430300.2948499,-23096445.605986357,-0.013483198272475991,False,0.0
