product,n_loans,total_ead,total_rwa,rwa_density,min_capital,capital_ratio,avg_K
Total,194564,1712979750.0,5754385809.660001,3.3592842003298644,460350862.5899999,0.2687427347521183,0.26489102917291996
Unsecured,192472,1670232540.0,5666798800.43,3.3928202598842914,453343902.1999999,0.2714256196924531,0.2659765638638347
Secured,2092,42747210.0,87587009.22999999,2.0489526504770716,7006960.390000001,0.16391620388792627,0.16501768642447417
