stage,n_loans,pct_portfolio,total_ead,total_ecl,coverage_ratio,avg_pd
1,75903,0.39011841861803825,593457480.0,31475193.409144416,0.0530369815359719,0.0798048669758342
2,118661,0.6098815813819617,1119522270.0,321812962.49786276,0.28745561488282206,0.23711154676373747
Total,194564,1.0,1712979750.0,353288155.9070071,0.20624187525101048,0.17574331360682652
