alert_tier,n_loans,pct,fraud_rate,total_ead
CONFIRMED,69263,0.35599083078061716,0.08740597432972871,700449345.0
HIGH,123977,0.6372042104397525,0.0,997125690.0
MEDIUM,1105,0.005679365144631072,0.0,9955410.0
LOW,219,0.0011255936349992804,0.0,5449305.0
