fraud_type,n,avg_loss,total_loss,avg_fraud_prob,avg_pd
first,1934,6625.934524301964,12814557.37,0.51036507,0.19285410068023578
synth,1113,6453.368679245283,7182599.34,0.51181376,0.19906009144139086
third,887,6385.497801578354,5663936.55,0.50915354,0.18385106416282662
straw,605,6553.13147107438,3964644.54,0.5122838,0.18968797744769272
loan_,579,6348.61195164076,3675846.32,0.50863814,0.18059355226380963
docum,525,6727.095276190476,3531725.02,0.50966346,0.18587448649989421
deale,291,6717.673470790378,1954842.98,0.51256835,0.18823171529308677
payme,120,6017.417083333334,722090.05,0.5119975,0.1921633012624692
