product,n_loans,total_ead,avg_pd,avg_lgd,total_el,el_rate
Unsecured,192472,1670232540.0,0.17268033657979637,0.6681380103205194,212991255.26447925,0.1275219169568324
Secured,2092,42747210.0,0.4575489131988617,0.370932246764182,6776173.082268491,0.15851731802539842
Total,194564,1712979750.0,0.17574331360682652,0.664942380824005,219767428.34674776,0.1282954035777409
